,reviewsalltime,recent3years,recent2years,recent1years,recent3years_rate,recent2years_rate,recent1years_rate
healthgrades,2120982,1183513,787127,397073,0.5580023781437089,0.3711144177555491,0.18721186695596662
vitals,6056497,738394,368905,116417,0.12191766957038037,0.06091062209722881,0.019221837309586712
ratemds,295674,39309,23585,11700,0.1329470971407699,0.079766905443157,0.03957060816980864
yelp,220400,66103,38320,17808,0.29992286751361164,0.17386569872958257,0.08079854809437387
zocdoc,550787,216992,148774,93909,0.3939671778745686,0.2701116765646248,0.17049966684035753
all,8693553,2027319,1217937,542998,0.23319798015840013,0.1400965750136912,0.06245984811963532
all(zocdoc),9244340,2244311,1366711,636907,0.24277676935292297,0.1478430044762525,0.06889696830709385
