,reviewsalltime,recent3years,recent2years,recent1years,recent3years_rate,recent2years_rate,recent1years_rate
healthgrades,2120982,1183513,787127,397073,0.5580023781437089,0.3711144177555491,0.18721186695596662
vitals,2078298,577467,300225,106058,0.2778557261759382,0.14445714714636687,0.05103118032159007
ratemds,290935,39309,23585,11700,0.13511265402925052,0.08106621754000035,0.040215168336570024
yelp,220400,66103,38320,17808,0.29992286751361164,0.17386569872958257,0.08079854809437387
zocdoc,385142,145457,98813,60995,0.37767109273982064,0.25656251460500284,0.15837015957750647
all,4710615,1866392,1149257,532639,0.39620983671983384,0.24397175315749642,0.11307207233025836
all(zocdoc),5095757,2011849,1248070,593634,0.39480866140202525,0.2449233744858713,0.11649574341947624
